ID;SCORE2;SCORE3;SCORE4;SCORE5;SCORE6;COMPONENTE1;COMPONENTE2;COMPONENTE3;GRUPO2;GRUPO3;GRUPO4;GRUPO5
2213.0;0.0;0.0;0.0;1.6666666666666667;7.25;0.5896090455468346;-0.39249637456635345;-0.3107121376506125;0;0;2;3
2215.0;0.0;0.0;6.5;5.6;8.0;1.0412842662153725;-0.18025329272064494;0.14998611971977246;0;0;2;3
2217.0;4.0;5.0;7.0;3.0;0.0;0.30550944474905284;0.6964678142994154;0.08138400581337807;0;0;0;1
2218.0;1.125;1.625;1.0714285714285714;5.571428571428571;8.166666666666666;0.7912448269974776;-0.03853583660684355;-0.17197802914702498;0;0;2;3
2219.0;0.0;0.0;1.6666666666666667;3.8181818181818183;5.8;0.6615278153912552;-0.3595069046298286;-0.12165701033786931;0;0;2;3
2220.0;3.625;6.25;8.333333333333334;8.1875;9.75;1.0995493086297734;0.9541834424974109;0.26242027892075276;0;0;0;1
2221.0;3.0;6.5;9.0;9.6;10.0;1.2018491502060533;0.9165308631014841;0.43109652506209506;0;0;0;1
2222.0;0.0;0.0;3.5;4.636363636363637;9.0;0.9419382969229282;-0.2554222441122512;-0.058603687511958186;0;0;2;3
2243.0;3.0;0.0;0.0;3.4285714285714284;4.0;0.42944280510008676;-0.0200347086942142;-0.5433827231004242;0;0;2;3
2244.0;4.083333333333333;0.0;0.0;7.0;7.0;0.7402622909143312;0.18587367871681384;-0.6113701670012849;0;0;2;3
2245.0;3.0;0.0;0.0;0.0;0.0;0.05253459490867768;-0.09027900899725644;-0.5807259506736411;1;1;2;3
2246.0;5.0;7.5;8.0;3.5555555555555554;0.0;0.27073527919599244;1.0837132832378957;0.1968289957870205;0;0;0;1
2248.0;0.6666666666666666;0.0;1.4615384615384615;4.214285714285714;5.625;0.6380773576095544;-0.2743888856069762;-0.19045705798332704;0;0;2;3
2249.0;0.4166666666666667;6.166666666666667;5.9;7.666666666666667;4.25;0.7124366043761667;0.3464539342725582;0.6074071721807851;0;0;0;1
2250.0;1.7;5.0;7.75;4.166666666666667;9.5;0.9311697990977825;0.5459139496228421;0.25893015368999883;0;0;0;1
2251.0;0.0;0.0;0.0;3.230769230769231;9.333333333333334;0.7564711436729625;-0.3564381678063393;-0.29147359872611844;0;0;2;3
2252.0;0.0;0.0;0.0;2.5384615384615383;8.0;0.6506629813104697;-0.3785456798189145;-0.2887750477953441;0;0;2;3
2253.0;0.0;5.5;4.0;4.54;7.5;0.7081527849528508;0.2151515884209339;0.3482176068021813;0;0;0;1
2254.0;1.0;5.0;7.5;0.0;0.0;0.2134521844949288;0.28619132583217544;0.37399113729286293;0;0;0;1
2255.0;2.0;3.5;4.5;4.590909090909091;4.0;0.5580233459792914;0.28051520587689716;0.07732350325099899;0;0;0;1
2256.0;0.125;0.0;0.0;1.75;3.5;0.36022083906627533;-0.43132392941152553;-0.24271397567563063;0;1;2;3
2257.0;1.5;1.25;3.7;1.6;9.5;0.7704085257496368;0.0661992560830321;-0.2534679431243412;0;0;2;3
2258.0;2.0;5.25;5.5;6.375;9.5;0.9325208171130949;0.5501255010718794;0.19546428822265266;0;0;0;1
2259.0;1.5;0.0;1.25;3.5833333333333335;7.666666666666667;0.6995400942214816;-0.13594099476359617;-0.36001044321385667;0;0;2;3
2260.0;1.0;0.0;0.0;1.4375;1.8333333333333333;0.2390123757815702;-0.33593613958054064;-0.3252713311373388;0;1;2;3
2261.0;0.5;0.0;0.0;3.763157894736842;9.0;0.7495139544626338;-0.2905131722594145;-0.32535021444524104;0;0;2;3
2263.0;3.5;3.75;2.9;5.75;9.0;0.7995061880405443;0.5425311153278708;-0.2272417025984687;0;0;0;1
2264.0;0.375;0.0;2.3;5.4;9.25;0.9199299068725817;-0.23227095455216112;-0.13841706707843576;0;0;2;3
2265.0;0.0;1.1666666666666667;2.066666666666667;3.3260869565217392;4.916666666666667;0.5502711619035527;-0.26088983225509;-0.017468293009138852;0;0;2;3
2266.0;4.0;5.5;6.75;7.5;9.25;0.9754600900067374;0.8853632698035059;0.08138433998087438;0;0;0;1
2268.0;3.0;3.0;6.5;6.214285714285714;4.75;0.7377976662282324;0.4501120757773621;0.07351782695679782;0;0;0;1
2269.0;0.0;2.5;6.75;0.0;7.0;0.6514178296951953;0.013517910669857303;0.16357875550198825;0;0;2;3
2270.0;0.0;1.75;4.0;6.681818181818182;9.666666666666666;1.0169090938376222;-0.07237465311788802;0.1433418313122204;0;0;2;3
2272.0;3.5;1.2;2.5555555555555554;7.1;8.5;0.8831273822530006;0.30690108329263155;-0.35074882024547527;0;0;2;3
2274.0;0.0;0.0;0.0;3.4444444444444446;8.75;0.7217726383754839;-0.3645460039506305;-0.2688322050585331;0;0;2;3
2275.0;0.0;0.0;0.0;1.2857142857142858;8.0;0.5835141793361791;-0.3821099159878863;-0.3264712694196746;0;0;2;3
2276.0;1.4;0.0;0.0;3.1875;5.055555555555555;0.48334602023732687;-0.22673009570513591;-0.3737937503618711;0;0;2;3
2279.0;1.9166666666666667;1.75;1.1666666666666667;6.75;8.5;0.8206978956287669;0.09359376885156535;-0.20967342536938013;0;0;2;3
2280.0;1.1666666666666667;3.388888888888889;5.642857142857143;8.588235294117647;7.2;0.9579083390777882;0.24844695694318852;0.30733433469742266;0;0;0;1
2281.0;2.0;3.5;3.75;2.125;0.0;0.18453364838454783;0.19126442745691427;0.037055005777144025;0;0;2;4
2282.0;0.0;0.0;6.5;5.166666666666667;4.75;0.8066093154618911;-0.2303137451586663;0.2104751693870269;0;0;2;3
2283.0;2.0;5.5;5.875;9.5;9.8;1.0823207611160137;0.5964804820530161;0.3345853901110057;0;0;0;1
2284.0;3.5;0.0;0.0;5.0;0.0;0.24792917377247947;-0.006289782938693089;-0.46609211055869937;0;0;2;3
2286.0;3.75;3.0;7.75;5.4;8.5;0.9374210101376447;0.6448585640246852;-0.04666055092810279;0;0;0;1
2287.0;1.5;3.0;0.8571428571428571;3.0;9.5;0.6670269148573331;0.13980064560238376;-0.2400561948673039;0;0;2;3
2288.0;3.5;7.25;7.5;8.692307692307692;10.0;1.0462884004078274;1.0050287756111809;0.32152618867144955;0;0;0;1
2289.0;3.25;2.5;3.0;2.25;0.0;0.1684673073465654;0.25617218217969595;-0.21025727077815182;0;0;2;3
2290.0;4.0;2.5;4.833333333333333;4.214285714285714;8.5;0.7868323629935329;0.5475509551143449;-0.30128665426333673;0;0;0;1
2291.0;4.0;3.3;1.9642857142857142;3.138888888888889;3.3333333333333335;0.3238025843190632;0.4525244665105776;-0.33821668023250995;0;0;2;3
2292.0;1.5;6.0;5.75;8.5;8.5;0.9496057263533609;0.5445117625039565;0.41291990257835676;0;0;0;1
2293.0;1.75;1.6666666666666667;6.5;5.166666666666667;4.25;0.7039989178636775;0.1500928058561128;0.11800839724029517;0;0;0;1
2294.0;1.2;0.6666666666666666;1.3181818181818181;2.275;7.5;0.6032379754030905;-0.12374628758999665;-0.312252573398356;0;0;2;3
2295.0;5.0;3.55;4.083333333333333;5.454545454545454;3.1666666666666665;0.47166198843273094;0.6790428593034078;-0.24896378520684875;0;0;0;1
2296.0;2.25;0.8333333333333334;2.0714285714285716;4.7;3.2;0.4776819790307071;0.0006227008027520353;-0.22343664190756807;0;0;2;3
2298.0;1.25;3.25;2.2142857142857144;3.5;2.5;0.3381711928107407;0.0623865120437895;0.031087650157999858;0;0;2;3
2299.0;2.0;1.8333333333333333;3.5;8.2;4.5;0.732638972675238;0.1243991255221855;0.038098949998377284;0;0;2;3
2300.0;2.5;3.5;0.0;2.75;4.25;0.2972895158095374;0.2172479582505022;-0.2783151671380509;0;0;2;3
2301.0;1.75;0.0;0.0;5.7;0.0;0.2946646042421099;-0.24703234010133868;-0.22961804956616547;0;1;2;3
2303.0;3.5;0.0;0.0;0.0;0.0;0.01648681116570319;-0.02073017336398489;-0.6299878356449191;1;1;2;3
2305.0;1.0;6.0;2.5;6.166666666666667;5.875;0.5815243235443823;0.33406641388157116;0.2762072796959434;0;0;0;1
2306.0;0.0;0.0;4.6;4.818181818181818;10.0;1.0037200556051822;-0.20749640204277126;0.0017852627136424881;0;0;2;3
2307.0;1.5;1.25;2.55;4.266666666666667;5.666666666666667;0.6074369285028649;-0.017250116537587665;-0.1417872881744361;0;0;2;3
2308.0;0.0;0.0;0.0;3.35;8.0;0.6585522634037638;-0.37602763161237784;-0.25126423776576134;0;0;2;3
2309.0;4.0;0.0;0.0;6.75;0.0;0.3061208308755757;0.06823547271375377;-0.46285576991307237;0;0;2;3
2310.0;2.5;0.0;0.0;3.1;8.0;0.6118699436797052;-0.029857701435790918;-0.5591203321886968;0;0;2;3
2311.0;0.0;0.0;0.0;8.25;7.5;0.8465388518644018;-0.36935100684881217;-0.07701965703009624;0;0;2;3
2312.0;2.5;4.833333333333333;7.333333333333333;9.0;10.0;1.1207858213248518;0.6519950664159572;0.29404357632410677;0;0;0;1
2500.0;0.0;0.0;6.5;5.642857142857143;9.0;0.9559775083048957;-0.1642110116040867;0.18477387997939348;0;0;2;3
2501.0;0.0;0.0;0.0;0.0;6.5;0.32903899753277904;-0.4077871767671924;-0.2988846986865016;0;1;2;3
2502.0;0.0;0.0;0.0;2.7142857142857144;0.0;0.08541221432281368;-0.49791814716322474;-0.08257071535002694;1;1;1;4
2526.0;0.0;0.0;0.0;2.0;7.5;0.4611782168290829;-0.3868374225682558;-0.24657681058993094;0;0;2;3
2531.0;0.0;0.0;0.0;0.0;7.0;0.34193913993882885;-0.4001599710041459;-0.3029803242916339;0;1;2;3
2709.0;4.0;4.25;1.9;5.5;0.0;0.0042551537135764594;0.4911719279942013;-0.060859416403020145;1;2;3;2
2719.0;0.0;2.5;0.0;0.0;0.0;-0.21140266439120345;-0.2875116661429298;0.025268831068871733;1;1;1;4
2721.0;0.0;0.0;0.0;3.2777777777777777;0.0;0.00042445886086092677;-0.4956385045285383;-0.023268284356598556;1;1;1;4
2722.0;0.0;1.3;5.0;5.076923076923077;0.0;0.22640544742272928;-0.23145997778835614;0.3835661153970218;1;1;1;4
2723.0;0.0;0.0;0.9166666666666666;6.142857142857143;0.0;0.1598773852215058;-0.4605980033859468;0.12141059773035112;1;1;1;4
2724.0;0.0;3.5;2.75;3.625;0.0;0.019934118072656305;-0.1097488721326076;0.3561729732852272;1;1;1;4
2727.0;3.0;3.5;0.0;1.4;0.0;-0.22173404058274837;0.2198919332442698;-0.22274759079291212;1;2;3;2
2729.0;0.0;0.0;0.0;5.2727272727272725;0.0;0.0849419698598324;-0.489830980611692;0.04500130321924001;1;1;1;4
2730.0;0.0;0.0;0.3333333333333333;3.5576923076923075;0.0;0.02043779143797919;-0.4850811646598011;0.005359604940283119;1;1;1;4
2731.0;2.5;0.0;0.0;3.4;0.0;-0.0337567841099235;-0.14836580056828758;-0.3171849644961323;1;1;1;4
2732.0;0.0;0.0;0.0;0.375;0.0;-0.13392534363509498;-0.5040220435348183;-0.11842449988141093;1;1;1;4
2733.0;4.5;6.0;3.875;0.0;0.0;-0.23420162029453803;0.7546060936216163;-0.08524246944721124;1;2;3;2
2734.0;3.0;2.8333333333333335;0.0;3.875;0.0;-0.09744587797025188;0.16905205757803;-0.18089656554685907;1;2;3;2
2735.0;2.5;1.2142857142857142;0.0;3.5;0.0;-0.06404763853943427;-0.042355183554724424;-0.23604026297014674;1;1;1;4
2736.0;0.0;0.0;0.0;0.9;0.0;-0.11263495857969567;-0.502488120900887;-0.100108528725012;1;1;1;4
2737.0;0.0;1.25;0.0;0.0;0.0;-0.18676124812550599;-0.39627655285201835;-0.05073211429866151;1;1;1;4
2738.0;0.0;0.0;0.0;3.5;0.0;0.0017481928019250081;-0.4949440790349322;-0.012689222094611624;1;1;1;4
2740.0;1.5;0.0;0.0;0.0;0.0;-0.1753355916857285;-0.2969523688286141;-0.3094157761685815;1;1;1;4
2741.0;0.0;0.0;3.0;3.5;0.0;0.10924150453229012;-0.40746204322471385;0.14621401086671143;1;1;1;4
2743.0;0.0;0.0;0.0;1.6571428571428573;0.0;-0.08254888960385437;-0.5002723015853832;-0.07346631224579375;1;1;1;4
2744.0;0.0;2.0;0.0;5.75;0.0;0.04469791541377255;-0.3142942282182504;0.19066953408310688;1;1;1;4
2745.0;0.42857142857142855;0.0;0.0;4.375;0.0;0.031136262626258904;-0.4329198976939565;-0.03350480192329332;1;1;1;4
2747.0;3.0;0.0;0.0;0.0;0.0;-0.19960112405591335;-0.08879841134648594;-0.48803640084584576;1;1;1;0
2751.0;2.0;1.9;3.75;6.261904761904762;0.0;0.1751787821595906;0.06535770448713502;0.16080752467481374;1;1;1;4
2752.0;0.0;0.0;0.0;4.416666666666667;0.0;0.03539807185639915;-0.49224510882031997;0.02058645956858436;1;1;1;4
2753.0;0.0;0.0;4.333333333333333;2.5;0.0;0.10727896882425095;-0.37144896397428395;0.18532638996759368;1;1;1;4
2755.0;0.0;0.0;7.0;7.0;0.0;0.4028728603483671;-0.280642334546726;0.47711412023270894;0;1;1;4
2757.0;0.8333333333333334;3.0;0.0;4.25;0.0;-0.06687462890387898;-0.11592081643815982;0.10635654560413665;1;1;1;4
2759.0;1.25;4.0;0.8333333333333334;6.9;0.0;0.04729580574594375;0.06093548688837322;0.25291952758524416;1;1;1;4
2770.0;0.0;2.375;6.0;4.875;0.0;0.20070225831521493;-0.10916265095504968;0.5066704715913597;1;1;1;4
2773.0;0.0;2.75;7.5;0.0;0.0;0.027238986023948683;-0.04690583445026038;0.4469775934747148;1;1;1;4
2820.0;0.0;0.0;1.4375;0.0;0.0;-0.14253767305013754;-0.4629354929767243;-0.03885571304036317;1;1;1;4
2821.0;0.0;2.6666666666666665;0.0;2.7222222222222223;0.0;-0.14631249674911428;-0.26480926390396603;0.14582088334059584;1;1;1;4
2850.0;0.0;0.0;0.0;2.2;0.0;-0.11219903277533708;-0.49838281802660067;-0.0355344946716826;1;1;1;4
2851.0;0.0;2.9;0.5294117647058824;3.6875;0.0;-0.10559348194368416;-0.2261730321197183;0.2264295829365109;1;1;1;4
2852.0;0.0;0.5;0.0;2.625;0.0;-0.10781496619032319;-0.4536175324205743;0.010793907520782145;1;1;1;4
2853.0;0.0;0.09090909090909091;0.0;5.7894736842105265;0.0;0.04314496495205561;-0.48005302515585935;0.09096685503310123;1;1;1;4
2854.0;0.0;0.8529411764705882;0.0;0.5849056603773585;0.0;-0.20886887474083005;-0.4288013746280868;-0.03474326041462272;1;1;1;4
2855.0;0.0;0.6666666666666666;0.0;0.0;0.0;-0.2303098783008215;-0.4467102459938338;-0.06596261922623345;1;1;1;4
2856.0;0.0;3.0;4.5;3.1538461538461537;0.0;0.009781980524031857;-0.1032267255260347;0.4254115680128105;1;1;1;4
2857.0;0.0;0.42857142857142855;0.0;3.3125;0.0;-0.07789042009160364;-0.45782769649661714;0.030202318666605193;1;1;1;4
2859.0;0.0;0.875;2.6818181818181817;7.027777777777778;0.0;0.17139876705219448;-0.3299908544762339;0.32484685124100476;1;1;1;4
2860.0;0.0;1.5;0.0;4.2631578947368425;0.0;-0.06607753337396745;-0.36179006862817986;0.13057741439362763;1;1;1;4
2861.0;0.0;1.25;0.0;1.5;0.0;-0.18247197111579871;-0.39156189884135323;0.02238448094167661;1;1;1;4
2862.0;0.0;2.5;4.0;5.880952380952381;0.0;0.12310321343281007;-0.15340842374035935;0.459703710391576;1;1;1;4
2863.0;0.0;1.5833333333333333;0.0;5.5;0.0;-0.014938897912161908;-0.3509407299623941;0.17783007160045042;1;1;1;4
2864.0;0.0;0.0;0.45454545454545453;0.0;0.0;-0.20035126569344044;-0.4914664419353246;-0.08261492117675356;1;1;1;4
2865.0;0.0;6.625;7.0;8.125;0.0;0.21903601944402462;0.29967906782212456;0.9555101735265147;1;1;0;1
2866.0;0.0;5.75;0.0;7.714285714285714;0.0;-0.03044975839801023;0.018214551577517557;0.5169349207969396;1;1;1;4
2867.0;0.0;1.5227272727272727;3.03125;3.6875;0.0;0.014382118300131894;-0.27307554429506997;0.2740374698930892;1;1;1;4
2868.0;0.0;5.0;0.0;4.416666666666667;0.0;-0.15759292222101848;-0.05663107521435454;0.35930266208976425;1;1;1;4
2869.0;0.0;1.875;1.1666666666666667;1.0;0.0;-0.18313215022555077;-0.3045616078839286;0.10836374097991334;1;1;1;4
2870.0;0.0;0.0;1.2142857142857142;5.55;0.0;0.07054738984784228;-0.45320540861909675;0.14441269480792068;1;1;1;4
2871.0;0.0;1.25;0.0;0.0;0.0;-0.25406440816784703;-0.39588133355878474;-0.025990282272915333;1;1;1;4
2872.0;0.0;0.0;0.0;3.642857142857143;0.0;-0.05921498503391212;-0.4941346760565045;0.016835578368243828;1;1;1;4
2873.0;0.0;2.6666666666666665;0.0;0.0;0.0;-0.29324202410191924;-0.27254839544643145;0.06428007051708036;1;1;1;0
2900.0;0.0;2.125;2.8333333333333335;2.7625;0.0;-0.06666357114625054;-0.2290003748224123;0.2769342053821744;1;1;1;4
2901.0;0.0;3.5;0.0;4.4;0.0;-0.13448867852042318;-0.18716363756129814;0.2696484167919585;1;1;1;4
2902.0;0.0;0.875;0.0;4.125;0.0;-0.07646291421775366;-0.4164757410801365;0.0940444454984983;1;1;1;4
2991.0;0.0;1.75;3.0;1.7222222222222223;0.0;-0.14237664386827809;-0.25953381344219956;0.24390702530765246;1;1;1;4
2994.0;0.0;3.5;0.0;1.8461538461538463;0.0;-0.29453845485409347;-0.19429367345413545;0.20131522795042234;1;1;1;0
2995.0;0.0;3.0;0.0;4.777777777777778;0.0;-0.15146275660128722;-0.22931829877835377;0.2679231316118953;1;1;1;4
2996.0;0.0;0.0;0.0;4.9;0.0;-0.0657036777752618;-0.4901241343106694;0.08182112726549626;1;1;1;4
2997.0;0.0;0.0;0.0;8.0;0.0;0.07137167371749842;-0.4811333989442458;0.18579618288827357;1;1;1;4
3008.0;0.0;0.0;0.0;3.4;0.0;-0.13830063960406136;-0.4944376702326796;0.033815645125915395;1;1;1;4
3009.0;0.0;0.0;0.0;3.7142857142857144;0.0;-0.12485494113812842;-0.49352351672754174;0.044522816225061435;1;1;1;4
3015.0;0.0;0.0;0.0;1.3;0.0;-0.2350142147582991;-0.5005055246210586;-0.03520150713705239;1;1;1;4
3021.0;0.0;0.0;0.0;6.75;0.0;0.0038425320895724424;-0.4846867206446378;0.14837658196370085;1;1;1;4
3175.0;1.8333333333333333;1.75;0.0;0.0;0.0;-0.445585769066316;-0.09707236756539278;-0.1580235680583731;1;1;1;0
3176.0;0.9090909090909091;6.583333333333333;0.0;0.0;0.0;-0.5635404705721453;0.19544966414178808;0.2597379276422446;1;2;3;0
3179.0;4.538461538461538;7.222222222222222;0.0;0.0;0.0;-0.6324681306679968;0.7546718745368945;-0.13447876457468905;1;2;3;2
3182.0;0.875;3.45;0.0;0.0;0.0;-0.48165256517412625;-0.08203333485269745;0.06609468770979955;1;1;1;0
3183.0;1.6666666666666667;1.8571428571428572;0.0;0.0;0.0;-0.4501853869419564;-0.11084744083133441;-0.12975685765818812;1;1;1;0
3184.0;4.0;6.821428571428571;0.0;0.0;0.0;-0.6167311638671356;0.6450812563213425;-0.09440556587360022;1;2;3;2
3185.0;1.5;3.9285714285714284;0.0;0.0;0.0;-0.5047005064617791;0.0463594658802729;0.02205475601253023;1;2;3;0
3186.0;2.375;6.857142857142857;0.0;0.0;0.0;-0.5962191985239343;0.42271848580189453;0.10313599625051109;1;2;3;2
3187.0;2.8333333333333335;5.75;0.0;0.0;0.0;-0.5732288937818655;0.3899360891164574;-0.02191163376508115;1;2;3;2
3188.0;2.875;5.384615384615385;0.0;0.0;0.0;-0.5644619882069646;0.36391218798713776;-0.04991173381635694;1;2;3;2
3189.0;0.0;4.055555555555555;0.0;0.0;0.0;-0.4893815380024781;-0.15070752369442736;0.21076478597176607;1;1;1;0
3190.0;0.5;2.2857142857142856;0.0;0.0;0.0;-0.4491107335179404;-0.23539923940391946;0.03866500665151337;1;1;1;0
3191.0;1.25;3.7142857142857144;0.0;0.0;0.0;-0.49848171716804773;-0.006966233165268024;0.03954963587498425;1;2;3;0
3192.0;0.0;6.083333333333333;0.0;0.0;0.0;-0.5455282399614176;0.025828263128822915;0.3400006337645549;1;2;1;0
3193.0;0.0;2.611111111111111;0.0;0.0;0.0;-0.4524690044151829;-0.27644094266202496;0.11983951029474521;1;1;1;0
3194.0;2.5;4.875;0.0;0.0;0.0;-0.5485561895428499;0.26753230474888134;-0.03616559176798487;1;2;3;2
3195.0;0.0;4.285714285714286;0.0;0.0;0.0;-0.4985969030529692;-0.1306535015928073;0.22647840555385584;1;1;1;0
3196.0;2.5;5.083333333333333;0.0;0.0;0.0;-0.555174404195678;0.28567453285561617;-0.022575564852534813;1;2;3;2
3197.0;0.0;2.772727272727273;0.0;0.0;0.0;-0.4588329164180056;-0.2623597502114965;0.13083416618765345;1;1;1;0
3198.0;0.0;5.083333333333333;0.0;0.0;0.0;-0.5215961028865038;-0.061208421179217765;0.2776488969554815;1;1;1;0
3199.0;1.6666666666666667;6.4;0.0;0.0;0.0;-0.5806321026823007;0.2846753646861648;0.1614851973825576;1;2;3;2
3200.0;3.625;4.325;0.0;0.0;0.0;-0.5523118943389282;0.3757700755268928;-0.20489534889156258;1;2;3;2
3201.0;1.6666666666666667;6.3;0.0;0.0;0.0;-0.5789420563185355;0.2759758254121556;0.15550852045415806;1;2;3;2
3202.0;0.0;3.25;0.0;0.0;0.0;-0.4742046815305323;-0.22079632152793388;0.16204489570964134;1;1;1;0
3203.0;0.0;4.5;0.0;0.0;0.0;-0.5083890831753678;-0.1119753962623421;0.24155401128978043;1;1;1;0
3204.0;3.3333333333333335;6.944444444444445;0.0;0.0;0.0;-0.620869074890943;0.5633456208284544;-0.0029448379555710447;1;2;3;2
3206.0;0.0;3.0;0.0;0.0;0.0;-0.46947730323274306;-0.24254811911066732;0.1469185628511369;1;1;1;0
3207.0;0.0;2.0;0.0;0.0;0.0;-0.443033854215951;-0.3295995504072615;0.08364362335453569;1;1;1;0
3209.0;0.0;4.5;0.0;0.0;0.0;-0.511402657505622;-0.1119576998760779;0.24266185451481387;1;1;1;0
3210.0;0.8571428571428571;2.3333333333333335;0.0;0.0;0.0;-0.4653795141265467;-0.18163925434565448;0.0025432477747243595;1;1;1;0
3211.0;3.3333333333333335;5.416666666666667;0.0;0.0;0.0;-0.5832178525183441;0.4303665183294635;-0.09860449035625085;1;2;3;2
3212.0;2.8333333333333335;6.428571428571429;0.0;0.0;0.0;-0.6040700433733355;0.4490824395303603;0.02576623755284485;1;2;3;2
3215.0;0.0;5.4;0.0;0.0;0.0;-0.5386673721005268;-0.033591060864939265;0.3008833197705434;1;1;1;0
3216.0;0.0;2.3;0.0;0.0;0.0;-0.4556379291328825;-0.3034566916195738;0.10434326220231785;1;1;1;0
3217.0;1.0;1.4166666666666667;0.0;0.0;0.0;-0.44617127688106356;-0.2415962373697302;-0.07147013191683965;1;1;1;0
3218.0;0.0;3.5625;0.0;0.0;0.0;-0.4906614145586583;-0.19354463719759246;0.18483026307038886;1;1;1;0
3219.0;0.0;2.772727272727273;0.0;0.0;0.0;-0.4698826889622708;-0.26229486346186115;0.13489625801277605;1;1;1;0
3220.0;0.0;4.9;0.0;0.0;0.0;-0.5277058283398214;-0.07710350422353826;0.2700767324410178;1;1;1;0
3221.0;0.0;1.0454545454545454;0.0;0.0;0.0;-0.4243446213119141;-0.41265562222933005;0.025653537210693536;1;1;1;0
3223.0;3.3333333333333335;3.5;0.0;0.0;0.0;-0.5375990543189475;0.2635476814379075;-0.21801966563822198;1;2;3;2
3224.0;2.375;5.75;0.0;0.0;0.0;-0.5854724173693457;0.3264489271462063;0.03989351592367582;1;2;3;2
3225.0;5.0;6.625;0.0;0.0;0.0;-0.645864144627465;0.7668577551232019;-0.21924265077863075;1;2;3;2
3226.0;2.5;5.0;0.0;0.0;0.0;-0.5679967998965176;0.2785084830624117;-0.02232464706354334;1;2;3;2
3228.0;2.25;3.5714285714285716;0.0;0.0;0.0;-0.5270491686287226;0.11946209558294354;-0.08262639082109846;1;2;3;2
3229.0;5.0;5.083333333333333;0.0;0.0;0.0;-0.6063318890980007;0.6326607158103246;-0.3163376078478565;1;2;3;2
3230.0;4.0;5.875;0.0;0.0;0.0;-0.6143330425810974;0.5628261754589247;-0.14597206082348085;1;2;3;2
3231.0;2.5;4.0;0.0;0.0;0.0;-0.5435624004332283;0.19146884935666036;-0.08486102441012229;1;2;3;2
3232.0;4.5;6.25;0.0;0.0;0.0;-0.6323587743519719;0.6648552375807614;-0.18177647338228053;1;2;3;2
3233.0;4.75;5.0;0.0;0.0;0.0;-0.6026371800924801;0.5907290963936165;-0.2909018259607091;1;2;3;2
3234.0;0.5;0.0;0.0;0.0;0.0;-0.409620081108944;-0.4342509074916313;-0.09826127834762857;1;1;1;0
3235.0;4.5;5.625;0.0;0.0;0.0;-0.617024491888869;0.6104550978399529;-0.22088478929108063;1;2;3;2
3236.0;4.833333333333333;6.625;0.0;0.0;0.0;-0.6490835091605358;0.7437642749760025;-0.19722125948386893;1;2;3;2
3238.0;2.8333333333333335;6.375;0.0;0.0;0.0;-0.6156853452172548;0.4444954963336435;0.02716727116901957;1;2;3;2
3239.0;2.8333333333333335;3.9285714285714284;0.0;0.0;0.0;-0.5502668493465595;0.23152612153278684;-0.1278974180197719;1;2;3;2
3240.0;2.3333333333333335;0.0;0.0;0.0;0.0;-0.4379943945688768;-0.17984805236317986;-0.31704723432679904;1;1;1;0
3241.0;4.75;6.75;0.0;0.0;0.0;-0.6538102741585294;0.7430978577903357;-0.17837043660097762;1;2;3;2
3242.0;3.75;3.4;0.0;0.0;0.0;-0.5502112729052226;0.3127130907300228;-0.2708333168845278;1;2;3;2
3243.0;3.25;7.125;0.0;0.0;0.0;-0.6441697450606634;0.5676158376479681;0.025709295426626644;1;2;3;2
3245.0;2.25;5.0;0.0;0.0;0.0;-0.5740815026670631;0.2438756363358895;0.011169041222363008;1;2;3;2
3246.0;1.3333333333333333;4.8;0.0;0.0;0.0;-0.556514253209566;0.0992751302236456;0.1086086653551492;1;2;3;0
3247.0;0.0;4.55;0.0;0.0;0.0;-0.5318359138341561;-0.1074929037283561;0.25285117394173073;1;1;1;0
3248.0;2.125;1.6666666666666667;0.0;0.0;0.0;-0.484040110510668;-0.06364122709350742;-0.18481621157549272;1;2;3;0
3249.0;3.75;1.9;0.0;0.0;0.0;-0.513308542516101;0.18215216547254032;-0.3647302031731489;1;2;3;2
3250.0;0.9;2.5;0.0;0.0;0.0;-0.4905538100096225;-0.1610655489396571;0.015365091420446689;1;1;1;0
3251.0;4.0;6.333333333333333;0.0;0.0;0.0;-0.6372306704643551;0.602788037295739;-0.1130089686868983;1;2;3;2
3252.0;3.6666666666666665;1.0;0.0;0.0;0.0;-0.4894114285470461;0.09224910927978958;-0.4112947309002282;1;2;3;2
3253.0;1.875;4.285714285714286;0.0;0.0;0.0;-0.5536652411432028;0.12968420309710474;0.012296171179424858;1;2;3;0
3254.0;0.8333333333333334;4.875;0.0;0.0;0.0;-0.5556367154547739;0.036450033391353;0.17481629430435275;1;2;3;0
3255.0;3.0;3.5;0.0;0.0;0.0;-0.5490604072688458;0.21739021512061582;-0.17213047767364317;1;2;3;2
3256.0;3.0;2.8125;0.0;0.0;0.0;-0.5310374930661687;0.15754327779099192;-0.215574298409586;1;2;3;2
3257.0;4.75;3.0714285714285716;0.0;0.0;0.0;-0.5627247482749588;0.4229092905996567;-0.4088567859834957;1;2;3;2
3259.0;3.0;5.0;0.0;0.0;0.0;-0.5914880239301004;0.34798358375291594;-0.07620254547246064;1;2;3;2
3260.0;3.0;5.625;0.0;0.0;0.0;-0.6088313559467057;0.4023955210845672;-0.03635566741363838;1;2;3;2
3261.0;2.5;7.0;0.0;0.0;0.0;-0.639467406300002;0.45272047337089605;0.11105693181736515;1;2;3;2
3262.0;2.0;2.433333333333333;0.0;0.0;0.0;-0.5100010213875932;-0.014202686301436703;-0.11858614032094927;1;2;3;0
3279.0;0.0;3.357142857142857;0.0;0.0;0.0;-0.5157659259431563;-0.2112419628298203;0.18306145781551017;1;1;1;0
3280.0;2.5;3.5;0.0;0.0;0.0;-0.5547004017610527;0.14808617949733216;-0.10754342808940281;1;2;3;2
3281.0;0.0;5.0;0.0;0.0;0.0;-0.5610384051712548;-0.06821815289375521;0.2876857632322682;1;1;1;0
3396.0;0.0;4.416666666666667;0.0;0.0;0.0;-0.6030802481814433;-0.11866069422870273;0.27190133669217964;1;1;1;0
